tournament_id,tournament_url,art_used,table_index,rank,title,player_name,fed,num_rounds,round_results,points,TB1,TB2,TB3
tnr1134410,https://s3.chess-results.com/tnr1134410.aspx?SNode=S0&lan=1&art=4,4,4,1,GM,KAZAKOUSKI Valery,LTU,10,"['157b1', '84w1', '25b1', '23w1', '33b1', '2w½', '14b½', '8w1', '6b1', '15w1']",9.0,0.0,55.0,69.0
tnr1134410,https://s3.chess-results.com/tnr1134410.aspx?SNode=S0&lan=1&art=4,4,4,2,IM,PETRIASHVILI Nikoloz,GEO,10,"['166b1', '101w1', '39b1', '12w1', '94b1', '1b½', '6w½', '36w1', '33b1', '9w½']",8.5,0.0,52.0,65.5
tnr1134410,https://s3.chess-results.com/tnr1134410.aspx?SNode=S0&lan=1&art=4,4,4,3,IM,BEN ARI Yannay,ISR,10,"['321b1', '107w½', '44b½', '171w1', '85b1', '41w1', '92b½', '15w½', '58b1', '14w1']",8.0,3.0,48.0,59.0
tnr1134410,https://s3.chess-results.com/tnr1134410.aspx?SNode=S0&lan=1&art=4,4,4,4,GM,SUMETS Andrey,UKR,10,"['167b1', '185w1', '34b½', '60w½', '97b1', '95w1', '40b1', '14w½', '8b½', '26w1']",8.0,4.0,50.0,62.0
tnr1134410,https://s3.chess-results.com/tnr1134410.aspx?SNode=S0&lan=1&art=4,4,4,5,GM,ASIS GARGATAGLI Hipolito,CAT,10,"['113b1', '118w1', '180b1', '57w½', '34b½', '13w1', '17b½', '58w½', '12b½', '41w1']",7.5,5.0,50.5,63.0
tnr1134410,https://s3.chess-results.com/tnr1134410.aspx?SNode=S0&lan=1&art=4,4,4,6,GM,SUPI Luis Paulo,BRA,10,"['206w+', '115b1', '51w1', '17b1', '40w½', '9w1', '2b½', '18b1', '1w0', '7b½']",7.5,6.0,56.0,69.5
tnr1134410,https://s3.chess-results.com/tnr1134410.aspx?SNode=S0&lan=1&art=4,4,4,7,IM,DIAZ CAMALLONGA Carles,CAT,10,"['211b1', '105w1', '58b½', '150w1', '57b0', '39w1', '60b1', '17w1', '14b½', '6w½']",7.5,7.0,50.5,62.0
tnr1134410,https://s3.chess-results.com/tnr1134410.aspx?SNode=S0&lan=1&art=4,4,4,8,GM,PERALTA Fernando,ARG,10,"['192b1', '104w1', '20b1', '14w½', '63b1', '57w1', '15b½', '1b0', '4w½', '48w1']",7.5,8.0,53.0,66.5
tnr1134410,https://s3.chess-results.com/tnr1134410.aspx?SNode=S0&lan=1&art=4,4,4,9,IM,ROZEN Eytan,ISR,10,"['227w½', '231b1', '80w1', '47b1', '67w1', '6b0', '16w1', '37b½', '19w1', '2b½']",7.5,0.0,50.0,62.5
tnr1134410,https://s3.chess-results.com/tnr1134410.aspx?SNode=S0&lan=1&art=4,4,4,10,FM,KOLB Tobias,GER,10,"['281w1', '89b½', '72w1', '70b½', '66w½', '93b1', '42w½', '16b1', '18w½', '35b1']",7.5,0.0,49.5,60.5
tnr1134410,https://s3.chess-results.com/tnr1134410.aspx?SNode=S0&lan=1&art=4,4,4,11,GM,ALSINA LEAL Daniel,CAT,10,"['99w1', '93b1', '35w½', '42b1', '37w½', '16b0', '145w½', '178b1', '68w1', '23b1']",7.5,0.0,49.0,61.0
tnr1134410,https://s3.chess-results.com/tnr1134410.aspx?SNode=S0&lan=1&art=4,4,4,12,GM,NARCISO DUBLAN Marc,CAT,10,"['251w1', '154b1', '110w1', '2b0', '183w½', '80b½', '94w1', '42b1', '5w½', '33w1']",7.5,0.0,46.5,59.5
tnr1134410,https://s3.chess-results.com/tnr1134410.aspx?SNode=S0&lan=1&art=4,4,4,13,FM,BOTTAZZI Ulysse,FRA,10,"['265w1', '252b½', '129w1', '59b½', '130w1', '5b0', '187w½', '132b1', '92w1', '38w1']",7.5,0.0,41.5,53.0
tnr1134410,https://s3.chess-results.com/tnr1134410.aspx?SNode=S0&lan=1&art=4,4,4,14,GM,SANIKIDZE Tornike,GEO,10,"['134w1', '87b1', '222w1', '8b½', '58w1', '22b1', '1w½', '4b½', '7w½', '3b0']",7.0,0.0,55.0,69.0
tnr1134410,https://s3.chess-results.com/tnr1134410.aspx?SNode=S0&lan=1&art=4,4,4,15,GM,ADHIBAN B.,IND,10,"['337w1', '178b1', '16w½', '50b1', '19w1', '40b½', '8w½', '3b½', '37w1', '1b0']",7.0,0.0,54.5,67.5
tnr1134410,https://s3.chess-results.com/tnr1134410.aspx?SNode=S0&lan=1&art=4,4,4,16,FM,ALCALA GONZALEZ Cesar,CAT,10,"['169b1', '106w1', '15b½', '52w1', '21b½', '11w1', '9b0', '10w0', '65b1', '63w1']",7.0,0.0,53.0,65.5
tnr1134410,https://s3.chess-results.com/tnr1134410.aspx?SNode=S0&lan=1&art=4,4,4,17,FM,RUIZ BUENDIA Miguel,ESP,10,"['181b1', '102w1', '184b1', '6w0', '104b1', '34w1', '5w½', '7b0', '46w1', '22b½']",7.0,0.0,51.0,63.0
tnr1134410,https://s3.chess-results.com/tnr1134410.aspx?SNode=S0&lan=1&art=4,4,4,18,FM,MANUKYAN Sargis A.,ARM,10,"['205b1', '238w1', '33b0', '151w1', '38b1', '48w1', '21b1', '6w0', '10b½', '28w½']",7.0,0.0,50.5,62.5
tnr1134410,https://s3.chess-results.com/tnr1134410.aspx?SNode=S0&lan=1&art=4,4,4,19,FM,GARCIA BLANCO Omar,ESP,10,"['229b½', '149w1', '53b1', '77w1', '15b0', '185w1', '35b½', '21w1', '9b0', '61w1']",7.0,0.0,50.0,62.0
tnr1134410,https://s3.chess-results.com/tnr1134410.aspx?SNode=S0&lan=1&art=4,4,4,20,IM,VALENZUELA GOMEZ Fernando,CHI,10,"['339w1', '127b1', '8w0', '194b1', '73w1', '43b½', '23w½', '28b0', '72w1', '75b1']",7.0,0.0,48.5,60.0
tnr1134410,https://s3.chess-results.com/tnr1134410.aspx?SNode=S0&lan=1&art=4,4,4,21,IM,DIAZ PEREZ Michel Alejandro,CUB,10,"['182w1', '64b½', '82w1', '135b1', '16w½', '94b1', '18w0', '19b0', '140w1', '39w1']",7.0,0.0,48.5,60.0
tnr1134410,https://s3.chess-results.com/tnr1134410.aspx?SNode=S0&lan=1&art=4,4,4,22,GM,PULTINEVICIUS Paulius,LTU,10,"['141b1', '197w1', '57b0', '107w1', '61b1', '14w0', '97b1', '32w½', '47b1', '17w½']",7.0,0.0,48.0,59.5
tnr1134410,https://s3.chess-results.com/tnr1134410.aspx?SNode=S0&lan=1&art=4,4,4,23,FM,ALVAREZ CALZADILLA Jose Avelino,CUB,10,"['189b1', '148w1', '250b1', '1b0', '180w1', '60w½', '20b½', '61w1', '64b1', '11w0']",7.0,0.0,47.5,61.0
tnr1134410,https://s3.chess-results.com/tnr1134410.aspx?SNode=S0&lan=1&art=4,4,4,24,IM,NOBOA SILVA Kevin,ECU,10,"['159w1', '137b1', '62w½', '35b½', '70w½', '178b½', '140w1', '68b½', '51w1', '30b½']",7.0,0.0,47.0,59.0
tnr1134410,https://s3.chess-results.com/tnr1134410.aspx?SNode=S0&lan=1&art=4,4,4,25,FM,FAVA Lorenzo,ITA,10,"['191w1', '202b1', '1w0', '55b½', '129w1', '134b1', '131w½', '38w½', '36b½', '59b1']",7.0,0.0,46.5,60.0
tnr1134410,https://s3.chess-results.com/tnr1134410.aspx?SNode=S0&lan=1&art=4,4,4,26,GM,BERDAYES ASON Dylan Isidro,CUB,10,"['128w1', '59b0', '182w1', '132b1', '35w½', '62b½', '222w1', '92w1', '29b1', '4b0']",7.0,0.0,46.0,58.5
tnr1134410,https://s3.chess-results.com/tnr1134410.aspx?SNode=S0&lan=1&art=4,4,4,27,GM,GUERRA MENDEZ Jose Angel,CAT,10,"['280b1', '155w1', '77b½', '34w0', '136b½', '143w1', '61b0', '74w1', '81b1', '58w1']",7.0,0.0,46.0,55.5
tnr1134410,https://s3.chess-results.com/tnr1134410.aspx?SNode=S0&lan=1&art=4,4,4,28,IM,FAVALORO Andrea,ITA,10,"['149b½', '227w1', '299b½', '250w0', '196b1', '120w1', '34b1', '20w1', '41w½', '18b½']",7.0,0.0,45.0,56.0
tnr1134410,https://s3.chess-results.com/tnr1134410.aspx?SNode=S0&lan=1&art=4,4,4,29,FM,GARRIGUE Julian,FRA,10,"['228w1', '190b½', '111w½', '313b1', '59w½', '99b½', '49w1', '131b1', '26w0', '86b1']",7.0,0.0,45.0,56.0
tnr1134410,https://s3.chess-results.com/tnr1134410.aspx?SNode=S0&lan=1&art=4,4,4,30,FM,KREKEN Eivind Grunt,NOR,10,"['289b1', '179w½', '183b½', '65w½', '64b½', '106w1', '72b1', '57w½', '66b1', '24w½']",7.0,0.0,44.5,55.5
tnr1134410,https://s3.chess-results.com/tnr1134410.aspx?SNode=S0&lan=1&art=4,4,4,31,IM,KRISHNA TEJA N,IND,10,"['207b1', '120w½', '96b0', '167w1', '179b0', '113w1', '125b1', '105w½', '143b1', '64w1']",7.0,0.0,42.5,53.0
tnr1134410,https://s3.chess-results.com/tnr1134410.aspx?SNode=S0&lan=1&art=4,4,4,32,FM,YERITSYAN Hayk,ARM,10,"['232w½', '220b1', '130w0', '159b1', '79w1', '187b½', '137w1', '22b½', '59w½', '85b1']",7.0,0.0,41.5,52.5
tnr1134410,https://s3.chess-results.com/tnr1134410.aspx?SNode=S0&lan=1&art=4,4,4,33,IM,RATKOVIC Milovan,SRB,10,"['215w1', '163b1', '18w1', '68b1', '1w0', '37b½', '47w1', '46b1', '2w0', '12b0']",6.5,0.0,53.5,67.0
tnr1134410,https://s3.chess-results.com/tnr1134410.aspx?SNode=S0&lan=1&art=4,4,4,34,FM,LAZARO PUJOL Abel,CAT,10,"['262w1', '49b1', '4w½', '27b1', '5w½', '17b0', '28w0', '154b1', '129w1', '45b½']",6.5,0.0,52.0,63.5
tnr1134410,https://s3.chess-results.com/tnr1134410.aspx?SNode=S0&lan=1&art=4,4,4,35,,BIVOR Adak,IND,10,"['76b1', '165w1', '11b½', '24w½', '26b½', '136w1', '19w½', '43b½', '95b1', '10w0']",6.5,0.0,51.5,64.0
tnr1134410,https://s3.chess-results.com/tnr1134410.aspx?SNode=S0&lan=1&art=4,4,4,36,IM,CLARKE Brandon G I,ENG,10,"['88b1', '100w0', '146w1', '79b½', '82w1', '70b1', '50w1', '2b0', '25w½', '42b½']",6.5,0.0,49.0,62.0
tnr1134410,https://s3.chess-results.com/tnr1134410.aspx?SNode=S0&lan=1&art=4,4,4,37,GM,MUNOZ Miguel,PER,10,"['147b½', '229w1', '160b1', '96w1', '11b½', '33w½', '66b1', '9w½', '15b0', '44w½']",6.5,0.0,49.0,61.0
tnr1134410,https://s3.chess-results.com/tnr1134410.aspx?SNode=S0&lan=1&art=4,4,4,38,IM,TOKTOMUSHEV Teimur,SUI,10,"['221w1', '71b0', '254w1', '87b1', '18w0', '89b1', '62w1', '25b½', '112w1', '13b0']",6.5,0.0,48.5,60.5
tnr1134410,https://s3.chess-results.com/tnr1134410.aspx?SNode=S0&lan=1&art=4,4,4,39,FM,TOMOV Georgi,BUL,10,"['116w1', '69b1', '2w0', '173b1', '131w½', '7b0', '252w1', '73b1', '43w1', '21b0']",6.5,0.0,48.0,60.5
tnr1134410,https://s3.chess-results.com/tnr1134410.aspx?SNode=S0&lan=1&art=4,4,4,40,IM,TAN Jun Ying,MAS,10,"['126b1', '132w1', '79b1', '92w1', '6b½', '15w½', '4w0', '41b0', '93w½', '103b1']",6.5,0.0,48.0,60.5
tnr1134410,https://s3.chess-results.com/tnr1134410.aspx?SNode=S0&lan=1&art=4,4,4,41,FM,NEMSADZE Daviti,GEO,10,"['198w1', '139b1', '71w½', '130b½', '114w1', '3b0', '99w1', '40w1', '28b½', '5b0']",6.5,0.0,48.0,60.5
tnr1134410,https://s3.chess-results.com/tnr1134410.aspx?SNode=S0&lan=1&art=4,4,4,42,FM,TRAVESSET SAGRE Jan,CAT,10,"['193b1', '65w½', '120b1', '11w0', '188b1', '96w1', '10b½', '12w0', '151b1', '36w½']",6.5,0.0,48.0,60.0
tnr1134410,https://s3.chess-results.com/tnr1134410.aspx?SNode=S0&lan=1&art=4,4,4,43,FM,FAROKHI Keyvan,GER,10,"['164b1', '121w1', '92b0', '143w1', '44b1', '20w½', '57b½', '35w½', '39b0', '76w1']",6.5,0.0,47.5,59.5
tnr1134410,https://s3.chess-results.com/tnr1134410.aspx?SNode=S0&lan=1&art=4,4,4,44,MC,SERRANO BATOVA Vicent,CAT,10,"['327w½', '225b1', '3w½', '49b1', '43w0', '190b½', '139w1', '83b1', '45w½', '37b½']",6.5,0.0,46.0,58.0
tnr1134410,https://s3.chess-results.com/tnr1134410.aspx?SNode=S0&lan=1&art=4,4,4,45,IM,MUSAT Adrian,ROU,10,"['236b1', '188w½', '107b½', '106w½', '71b½', '65w½', '102b1', '77w1', '44b½', '34w½']",6.5,0.0,45.5,56.0
tnr1134410,https://s3.chess-results.com/tnr1134410.aspx?SNode=S0&lan=1&art=4,4,4,46,FM,MORAL GARCIA Serafin,ESP,10,"['152b1', '92w0', '280b1', '184w1', '54b½', '108w1', '63b1', '33w0', '17b0', '102w1']",6.5,0.0,45.0,55.0
tnr1134410,https://s3.chess-results.com/tnr1134410.aspx?SNode=S0&lan=1&art=4,4,4,47,IM,SZABO Bence,HUN,10,"['204b½', '216w1', '188b1', '9w0', '160b1', '179w1', '33b0', '185w+', '22w0', '106b1']",6.5,0.0,44.0,56.0
tnr1134410,https://s3.chess-results.com/tnr1134410.aspx?SNode=S0&lan=1&art=4,4,4,48,FM,HAACK Kevin,GER,10,"['268w1', '277b1', '94w0', '111b1', '140w1', '18b0', '178w½', '103b1', '57w1', '8b0']",6.5,0.0,44.0,55.5
tnr1134410,https://s3.chess-results.com/tnr1134410.aspx?SNode=S0&lan=1&art=4,4,4,49,CM,SHEFER Uri,ISR,10,"['323b1', '34w0', '258b1', '44w0', '186b1', '104w1', '29b0', '84w½', '101b1', '97w1']",6.5,0.0,44.0,52.5
tnr1134410,https://s3.chess-results.com/tnr1134410.aspx?SNode=S0&lan=1&art=4,4,4,50,FM,VARDANYAN Aras,LTU,10,"['216b½', '147w1', '179b1', '15w0', '148b1', '250w1', '36b0', '81w½', '137b1', '53w½']",6.5,0.0,43.5,55.0
tnr1134410,https://s3.chess-results.com/tnr1134410.aspx?SNode=S0&lan=1&art=4,4,4,51,FM,CONG Dingzhou,CHN,10,"['243b1', '153w1', '6b0', '165w1', '92b0', '223w1', '59b½', '100w1', '24b0', '118w1']",6.5,0.0,43.5,54.5
tnr1134410,https://s3.chess-results.com/tnr1134410.aspx?SNode=S0&lan=1&art=4,4,4,52,GM,RATKOVIC Miloje,SRB,10,"['218w1', '103b1', '70w½', '16b0', '72w0', '-0', '158b1', '114b1', '132w1', '93b1']",6.5,0.0,43.5,54.5
tnr1134410,https://s3.chess-results.com/tnr1134410.aspx?SNode=S0&lan=1&art=4,4,4,53,,MAJUMDER Shrayan,IND,10,"['282w1', '78b½', '19w0', '69b½', '228w1', '182b½', '142w1', '135b½', '67w1', '50b½']",6.5,0.0,43.5,54.0
tnr1134410,https://s3.chess-results.com/tnr1134410.aspx?SNode=S0&lan=1&art=4,4,4,54,GM,GARRIGA CAZORLA Pere,CAT,10,"['156w1', '110b0', '257w1', '175b1', '46w½', '66b0', '162w1', '93b½', '62w½', '115b1']",6.5,0.0,43.5,53.5
tnr1134410,https://s3.chess-results.com/tnr1134410.aspx?SNode=S0&lan=1&art=4,4,4,55,,GIAMMONA Federico,ITA,10,"['303b1', '60w½', '61b½', '25w½', '62w0', '-0', '209b1', '193w1', '186b1', '95w1']",6.5,0.0,43.0,53.0
tnr1134410,https://s3.chess-results.com/tnr1134410.aspx?SNode=S0&lan=1&art=4,4,4,56,FM,IGLESIAS FERREIRA Andres,CAT,10,"['69w0', '116b1', '159w½', '251b0', '256w1', '167b1', '129w0', '227b1', '125w1', '92b1']",6.5,0.0,39.5,48.5
tnr1134410,https://s3.chess-results.com/tnr1134410.aspx?SNode=S0&lan=1&art=4,4,4,57,FM,CASTILLO DALMAU Albert,CAT,10,"['317w1', '173b1', '22w1', '5b½', '7w1', '8b0', '43w½', '30b½', '48b0', '71w½']",6.0,0.0,53.0,64.0
tnr1134410,https://s3.chess-results.com/tnr1134410.aspx?SNode=S0&lan=1&art=4,4,4,58,FM,MARTIN BARCELO Carles,CAT,10,"['209w1', '114b1', '7w½', '78b1', '14b0', '74w1', '83w1', '5b½', '3w0', '27b0']",6.0,0.0,52.5,65.0
tnr1134410,https://s3.chess-results.com/tnr1134410.aspx?SNode=S0&lan=1&art=4,4,4,59,FM,PIPIRAS Filipa Fortuna,POR,10,"['267b1', '26w1', '67b½', '13w½', '29b½', '68b½', '51w½', '60w1', '32b½', '25w0']",6.0,0.0,52.5,63.5
tnr1134410,https://s3.chess-results.com/tnr1134410.aspx?SNode=S0&lan=1&art=4,4,4,60,IM,VALDES ROMERO Leonardo,CRC,10,"['235w1', '55b½', '252w1', '4b½', '76w1', '23b½', '7w0', '59b0', '111w1', '80b½']",6.0,0.0,49.5,61.5
tnr1134410,https://s3.chess-results.com/tnr1134410.aspx?SNode=S0&lan=1&art=4,4,4,61,FM,ADAN BERMUDEZ Sergio,CAT,10,"['332w1', '75b½', '55w½', '127b1', '22w0', '277b1', '27w1', '23b0', '130w1', '19b0']",6.0,0.0,49.0,60.5
tnr1134410,https://s3.chess-results.com/tnr1134410.aspx?SNode=S0&lan=1&art=4,4,4,62,MC,ROCA PLANAS Edgar,CAT,10,"['246b1', '151w1', '24b½', '63w0', '55b1', '26w½', '38b0', '160w1', '54b½', '74w½']",6.0,0.0,49.0,60.0
tnr1134410,https://s3.chess-results.com/tnr1134410.aspx?SNode=S0&lan=1&art=4,4,4,63,IM,HERNANDEZ Cristian Andres,COL,10,"['176w1', '111b½', '89w1', '62b1', '8w0', '183b1', '46w0', '80b1', '85w½', '16b0']",6.0,0.0,48.0,60.0
tnr1134410,https://s3.chess-results.com/tnr1134410.aspx?SNode=S0&lan=1&art=4,4,4,64,FM,BERNADO LOPEZ Roger,CAT,10,"['233b1', '21w½', '95b0', '229w1', '30w½', '117b1', '67w1', '98b1', '23w0', '31b0']",6.0,0.0,48.0,59.0
tnr1134410,https://s3.chess-results.com/tnr1134410.aspx?SNode=S0&lan=1&art=4,4,4,65,,OM Batra,IND,10,"['296w1', '42b½', '112w½', '30b½', '145w½', '45b½', '180w1', '86b½', '16w0', '163b+']",6.0,0.0,48.0,58.0
tnr1134410,https://s3.chess-results.com/tnr1134410.aspx?SNode=S0&lan=1&art=4,4,4,66,,MARTIN Nils,FRA,10,"['279b½', '109w1', '203b1', '95w½', '10b½', '54w1', '37w0', '78b1', '30w0', '90b½']",6.0,0.0,47.5,59.5
tnr1134410,https://s3.chess-results.com/tnr1134410.aspx?SNode=S0&lan=1&art=4,4,4,67,FM,EILENBERG Jonas,GER,10,"['142w1', '313b1', '59w½', '71b1', '9b0', '72w½', '64b0', '87w1', '53b0', '148w1']",6.0,0.0,46.5,59.0
tnr1134410,https://s3.chess-results.com/tnr1134410.aspx?SNode=S0&lan=1&art=4,4,4,68,FM,DOMINGUEZ PONS Eric,CAT,10,"['195b1', '143w1', '224b1', '33w0', '250b½', '59w½', '76b1', '24w½', '11b0', '84w½']",6.0,0.0,45.5,57.0
tnr1134410,https://s3.chess-results.com/tnr1134410.aspx?SNode=S0&lan=1&art=4,4,4,69,,NAVAJAS ALVAREZ Antoni,CAT,10,"['56b1', '39w0', '118b½', '53w½', '91b½', '148w½', '71b0', '166w1', '160b1', '155w+']",6.0,0.0,45.5,57.0
tnr1134410,https://s3.chess-results.com/tnr1134410.aspx?SNode=S0&lan=1&art=4,4,4,70,FM,OSTERGAARD Jens,DEN,10,"['263b1', '136w1', '52b½', '10w½', '24b½', '36w0', '96b0', '192w1', '108b½', '143w1']",6.0,0.0,45.5,56.5
tnr1134410,https://s3.chess-results.com/tnr1134410.aspx?SNode=S0&lan=1&art=4,4,4,71,,CABIATIVA Juan Esteban,COL,10,"['117b1', '38w1', '41b½', '67w0', '45w½', '73b0', '69w1', '133b½', '152w1', '57b½']",6.0,0.0,45.5,56.5
tnr1134410,https://s3.chess-results.com/tnr1134410.aspx?SNode=S0&lan=1&art=4,4,4,72,FM,CIOLEK Andreas,GER,10,"['290b½', '269w1', '10b0', '90w1', '52b1', '67b½', '30w0', '221w1', '20b0', '151w1']",6.0,0.0,45.5,56.0
tnr1134410,https://s3.chess-results.com/tnr1134410.aspx?SNode=S0&lan=1&art=4,4,4,73,,BOLYS Tolegen,KAZ,10,"['108w1', '186b1', '78w0', '155w+', '20b0', '71w1', '150b½', '39w0', '107b½', '137w+']",6.0,0.0,45.0,57.0
tnr1134410,https://s3.chess-results.com/tnr1134410.aspx?SNode=S0&lan=1&art=4,4,4,74,,DIDMANIDZE Tengiz,GEO,10,"['180b0', '91w1', '102b1', '101w½', '103w1', '58b0', '79w1', '27b0', '187w1', '62b½']",6.0,0.0,45.0,56.5
tnr1134410,https://s3.chess-results.com/tnr1134410.aspx?SNode=S0&lan=1&art=4,4,4,75,,BARCELO MELNYK Marc,CAT,10,"['311b1', '61w½', '97b½', '85w0', '158b1', '84w0', '170b1', '104w1', '150b+', '20w0']",6.0,0.0,44.5,54.0
tnr1134410,https://s3.chess-results.com/tnr1134410.aspx?SNode=S0&lan=1&art=4,4,4,76,,PINERO Reinaldo Adolfo,VEN,10,"['35w0', '320b1', '291w1', '100w1', '60b0', '110b1', '68w0', '122b1', '145w1', '43b0']",6.0,0.0,44.5,52.5
tnr1134410,https://s3.chess-results.com/tnr1134410.aspx?SNode=S0&lan=1&art=4,4,4,77,FM,TULLIEZ Andre,FRA,10,"['133w1', '298b1', '27w½', '19b0', '99w0', '156b1', '190w1', '45b0', '153w1', '83b½']",6.0,0.0,44.0,53.5
tnr1134410,https://s3.chess-results.com/tnr1134410.aspx?SNode=S0&lan=1&art=4,4,4,78,GM,NIJBOER Friso,NED,10,"['177b1', '53w½', '73b1', '58w0', '101b0', '192w1', '121b1', '66w0', '148b½', '120w1']",6.0,0.0,43.5,54.5
tnr1134410,https://s3.chess-results.com/tnr1134410.aspx?SNode=S0&lan=1&art=4,4,4,79,FM,GELLE Istvan,HUN,10,"['260b1', '329w+', '40w0', '36w½', '32b0', '205w1', '74b0', '126w½', '229b1', '141w1']",6.0,0.0,43.5,54.0
tnr1134410,https://s3.chess-results.com/tnr1134410.aspx?SNode=S0&lan=1&art=4,4,4,80,FM,ALBOREDO Julia,BRA,10,"['226b½', '314w1', '9b0', '181w1', '230b1', '12w½', '95b½', '63w0', '113b1', '60w½']",6.0,0.0,43.0,54.0
tnr1134410,https://s3.chess-results.com/tnr1134410.aspx?SNode=S0&lan=1&art=4,4,4,81,CM,SARASKETA IRASTORTZA Oier,ESP,10,"['225w½', '327b1', '98w½', '134b½', '251w1', '131b0', '114w1', '50b½', '27w0', '129b1']",6.0,0.0,43.0,54.0
tnr1134410,https://s3.chess-results.com/tnr1134410.aspx?SNode=S0&lan=1&art=4,4,4,82,FM,DELGADILLO Adonay,BOL,10,"['331b1', '253w½', '21b0', '164w1', '36b0', '90w1', '221b½', '138w0', '149b1', '165w1']",6.0,0.0,43.0,52.0
tnr1134410,https://s3.chess-results.com/tnr1134410.aspx?SNode=S0&lan=1&art=4,4,4,83,FM,LABIANO HERNANDEZ Juan,ESP,10,"['242b1', '250w0', '88b½', '224w1', '162b1', '101w1', '58b0', '44w0', '121b1', '77w½']",6.0,0.0,42.5,53.0
tnr1134410,https://s3.chess-results.com/tnr1134410.aspx?SNode=S0&lan=1&art=4,4,4,84,,SIGNORELLI Gaetano,ITA,10,"['261w1', '1b0', '134w0', '119b1', '257w1', '75b1', '98w0', '49b½', '202w1', '68b½']",6.0,0.0,42.0,54.5
tnr1134410,https://s3.chess-results.com/tnr1134410.aspx?SNode=S0&lan=1&art=4,4,4,85,FM,BLASCO COLL Andreu,CAT,10,"['220w½', '232b1', '196w½', '75b1', '3w0', '252b½', '108b1', '96w1', '63b½', '32w0']",6.0,0.0,42.0,54.0
tnr1134410,https://s3.chess-results.com/tnr1134410.aspx?SNode=S0&lan=1&art=4,4,4,86,FM,WEBB Laurence E,ENG,10,"['-0', '275w1', '321b½', '88w1', '108b0', '149w1', '153b1', '65w½', '138b1', '29w0']",6.0,0.0,41.5,52.0
tnr1134410,https://s3.chess-results.com/tnr1134410.aspx?SNode=S0&lan=1&art=4,4,4,87,,THIBOUS Mathis,FRA,10,"['328b1', '14w0', '193b1', '38w0', '109b0', '207w1', '214b1', '67b0', '142w1', '146w1']",6.0,0.0,41.0,52.5
tnr1134410,https://s3.chess-results.com/tnr1134410.aspx?SNode=S0&lan=1&art=4,4,4,88,,FARKASH Denys,UKR,10,"['36w0', '210b1', '83w½', '86b0', '220w½', '298b1', '115w½', '183b½', '172w1', '162b1']",6.0,0.0,41.0,50.0
tnr1134410,https://s3.chess-results.com/tnr1134410.aspx?SNode=S0&lan=1&art=4,4,4,89,,BLASCO CARDONA Pol,CAT,10,"['273b1', '10w½', '63b0', '147w½', '195b1', '38w0', '193b½', '181w½', '242b1', '138w1']",6.0,0.0,40.5,51.5
tnr1134410,https://s3.chess-results.com/tnr1134410.aspx?SNode=S0&lan=1&art=4,4,4,90,,PRUTHU Deshpande,IND,10,"['98w0', '247b1', '103w½', '72b0', '302w1', '82b0', '217w1', '252b1', '222w+', '66w½']",6.0,0.0,40.5,49.0
tnr1134410,https://s3.chess-results.com/tnr1134410.aspx?SNode=S0&lan=1&art=4,4,4,91,,GONZALEZ PEREZ Jose Ramon,ESP,10,"['298w0', '74b0', '240w1', '271b1', '69w½', '142b0', '259w1', '182b½', '168w1', '133b1']",6.0,0.0,37.0,45.5
tnr1134410,https://s3.chess-results.com/tnr1134410.aspx?SNode=S0&lan=1&art=4,4,4,92,FM,HRISTODORESCU Daniel,ROU,10,"['249w1', '46b1', '43w1', '40b0', '51w1', '98b1', '3w½', '26b0', '13b0', '56w0']",5.5,0.0,53.0,65.0
tnr1134410,https://s3.chess-results.com/tnr1134410.aspx?SNode=S0&lan=1&art=4,4,4,93,FM,ALVAREZ ALBIOL Victor,CAT,10,"['239b1', '11w0', '164b½', '126w1', '149b1', '10w0', '203b1', '54w½', '40b½', '52w0']",5.5,0.0,49.0,61.0
tnr1134410,https://s3.chess-results.com/tnr1134410.aspx?SNode=S0&lan=1&art=4,4,4,94,GM,PEREZ MITJANS Orelvis,CAT,10,"['336w+', '316b+', '48b1', '131b1', '2w0', '21w0', '12b0', '196w½', '120b0', '211w1']",5.5,0.0,47.0,60.0
tnr1134410,https://s3.chess-results.com/tnr1134410.aspx?SNode=S0&lan=1&art=4,4,4,95,IM,LEIVA Gianmarco,PER,10,"['168w1', '129b½', '64w1', '66b½', '110w1', '4b0', '80w½', '187b1', '35w0', '55b0']",5.5,0.0,47.0,59.5
tnr1134410,https://s3.chess-results.com/tnr1134410.aspx?SNode=S0&lan=1&art=4,4,4,96,WIM,OBREGON GARCIA Roxangel,CUB,10,"['158b½', '290w1', '31w1', '37b0', '135w1', '42b0', '70w1', '85b0', '97b0', '193w1']",5.5,0.0,46.0,56.0
tnr1134410,https://s3.chess-results.com/tnr1134410.aspx?SNode=S0&lan=1&art=4,4,4,97,,STOETTNER Moritz,GER,10,"['161w1', '196b½', '75w½', '238b1', '4w0', '154b1', '22w0', '111b½', '96w1', '49b0']",5.5,0.0,45.5,58.5
tnr1134410,https://s3.chess-results.com/tnr1134410.aspx?SNode=S0&lan=1&art=4,4,4,98,IM,OOTES Lars,NED,10,"['90b1', '160w½', '81b½', '153w1', '137b1', '92w0', '84b1', '64w0', '105b½', '-0']",5.5,0.0,45.0,56.5
tnr1134410,https://s3.chess-results.com/tnr1134410.aspx?SNode=S0&lan=1&art=4,4,4,99,,MANUKONDA Arun,IND,10,"['11b0', '119w1', '199b1', '299w½', '77b1', '29w½', '41b0', '107w½', '118b0', '180w+']",5.5,0.0,45.0,56.5
tnr1134410,https://s3.chess-results.com/tnr1134410.aspx?SNode=S0&lan=1&art=4,4,4,100,MC,CAMPINS MACHADO Francesc,CAT,10,"['255w1', '36b1', '131w0', '76b0', '168w1', '114b½', '182w1', '51b0', '194w+', '-0']",5.5,0.0,45.0,55.0
tnr1134410,https://s3.chess-results.com/tnr1134410.aspx?SNode=S0&lan=1&art=4,4,4,101,MC,VILLAR REYMUNDO Juan Antonio,PER,10,"['210w1', '2b0', '259w1', '74b½', '78w1', '83b0', '251w1', '112b0', '49w0', '189b1']",5.5,0.0,44.5,57.0
tnr1134410,https://s3.chess-results.com/tnr1134410.aspx?SNode=S0&lan=1&art=4,4,4,102,CM,KUNZ Andre,GER,10,"['304w1', '17b0', '74w0', '210b1', '133w½', '116b1', '45w0', '265b1', '123w1', '46b0']",5.5,0.0,44.5,54.0
tnr1134410,https://s3.chess-results.com/tnr1134410.aspx?SNode=S0&lan=1&art=4,4,4,103,,ZHENG Harry Z,ENG,10,"['201b1', '52w0', '90b½', '221w1', '74b0', '181w1', '141b1', '48w0', '203b1', '40w0']",5.5,0.0,43.0,54.5
tnr1134410,https://s3.chess-results.com/tnr1134410.aspx?SNode=S0&lan=1&art=4,4,4,104,FM,RAMIREZ GARCIA Jorge Alberto,MEX,10,"['272w1', '8b0', '168w1', '142b1', '17w0', '49b0', '191w1', '75b0', '182w1', '108b½']",5.5,0.0,43.0,54.0
tnr1134410,https://s3.chess-results.com/tnr1134410.aspx?SNode=S0&lan=1&art=4,4,4,105,IM,VIDARTE MORALES Arturo,PER,10,"['270w1', '7b0', '191w0', '255b1', '142w½', '164b1', '134w1', '31b½', '98w½', '-0']",5.5,0.0,43.0,54.0
tnr1134410,https://s3.chess-results.com/tnr1134410.aspx?SNode=S0&lan=1&art=4,4,4,106,,DAKSH Jain,IND,10,"['309w1', '16b0', '286w1', '45b½', '222w½', '30b0', '146w½', '210b1', '144b1', '47w0']",5.5,0.0,43.0,52.5
tnr1134410,https://s3.chess-results.com/tnr1134410.aspx?SNode=S0&lan=1&art=4,4,4,107,IM,POMES MARCET Joan,CAT,10,"['264w1', '3b½', '45w½', '22b0', '191w½', '236b1', '161w½', '99b½', '73w½', '116b½']",5.5,0.0,42.5,54.0
tnr1134410,https://s3.chess-results.com/tnr1134410.aspx?SNode=S0&lan=1&art=4,4,4,108,,BERNARD Alien,FRA,10,"['73b0', '315w1', '200b½', '239w+', '86w1', '46b0', '85w0', '262b1', '70w½', '104w½']",5.5,0.0,42.0,52.0
tnr1134410,https://s3.chess-results.com/tnr1134410.aspx?SNode=S0&lan=1&art=4,4,4,109,,PASO VIOLA Juan,ARG,10,"['135w½', '66b0', '333w1', '252b½', '87w1', '140b0', '130w0', '127b½', '188w1', '190b1']",5.5,0.0,42.0,51.0
tnr1134410,https://s3.chess-results.com/tnr1134410.aspx?SNode=S0&lan=1&art=4,4,4,110,,SAAD Gabriel,FRA,10,"['230b1', '54w1', '12b0', '152w1', '95b0', '76w0', '211b½', '113w0', '207w1', '215b1']",5.5,0.0,41.5,53.0
tnr1134410,https://s3.chess-results.com/tnr1134410.aspx?SNode=S0&lan=1&art=4,4,4,111,MC,FERNANDEZ AGUILAR Francisco,CAT,10,"['258b1', '63w½', '29b½', '48w0', '205b½', '230w½', '213b1', '97w½', '60b0', '181w1']",5.5,0.0,41.5,52.0
tnr1134410,https://s3.chess-results.com/tnr1134410.aspx?SNode=S0&lan=1&art=4,4,4,112,FM,CHAVEZ SUAREZ Carlos Alberto,CUB,10,"['234b½', '204w1', '65b½', '136w0', '141b½', '280w1', '179b1', '101w1', '38b0', '-0']",5.5,0.0,41.0,50.5
tnr1134410,https://s3.chess-results.com/tnr1134410.aspx?SNode=S0&lan=1&art=4,4,4,113,,LLADOS CLOS Jordi,CAT,10,"['5w0', '282b½', '124w0', '270b1', '283w1', '31b0', '226w1', '110b1', '80w0', '183b1']",5.5,0.0,40.0,50.5
tnr1134410,https://s3.chess-results.com/tnr1134410.aspx?SNode=S0&lan=1&art=4,4,4,114,,CAMPS ABADIA Arnau,CAT,10,"['284b1', '58w0', '285b1', '186w1', '41b0', '100w½', '81b0', '52w0', '263b1', '208w1']",5.5,0.0,40.0,50.0
tnr1134410,https://s3.chess-results.com/tnr1134410.aspx?SNode=S0&lan=1&art=4,4,4,115,CM,VISSER Henk-Jan,NED,10,"['200b1', '6w0', '189b0', '246w1', '254b0', '285w1', '88b½', '167w1', '196b1', '54w0']",5.5,0.0,40.0,50.0
tnr1134410,https://s3.chess-results.com/tnr1134410.aspx?SNode=S0&lan=1&art=4,4,4,116,,MAMYROV Beybarys,KAZ,10,"['39b0', '56w0', '303b1', '199w½', '166b1', '102w0', '184b½', '281w1', '223b1', '107w½']",5.5,0.0,40.0,49.5
tnr1134410,https://s3.chess-results.com/tnr1134410.aspx?SNode=S0&lan=1&art=4,4,4,117,,BELLPUIG MENCOS Gerard,CAT,10,"['71w0', '281b0', '337w+', '128b1', '127w1', '64w0', '120b½', '223w½', '136b½', '192w1']",5.5,0.0,40.0,49.5
tnr1134410,https://s3.chess-results.com/tnr1134410.aspx?SNode=S0&lan=1&art=4,4,4,118,CM,CASTRO QUIJANO Eduardo,ESP,10,"['237w1', '5b0', '69w½', '228b½', '198w½', '251b0', '235w1', '156b1', '99w1', '51b0']",5.5,0.0,39.5,51.0
tnr1134410,https://s3.chess-results.com/tnr1134410.aspx?SNode=S0&lan=1&art=4,4,4,119,,BARBAGALLO Andrea,ITA,10,"['178w0', '99b0', '338w+', '84w0', '244b1', '168b1', '277w1', '130b0', '157w½', '202b1']",5.5,0.0,39.5,49.0
tnr1134410,https://s3.chess-results.com/tnr1134410.aspx?SNode=S0&lan=1&art=4,4,4,120,,LOZANO CASASAYAS Marc,CAT,10,"['318w1', '31b½', '42w0', '146b½', '298w1', '28b0', '117w½', '255b1', '94w1', '78b0']",5.5,0.0,39.5,49.0
tnr1134410,https://s3.chess-results.com/tnr1134410.aspx?SNode=S0&lan=1&art=4,4,4,121,CM,MIZZI Jack,MLT,10,"['312w1', '43b0', '283w½', '133b½', '282w1', '253b½', '78w0', '251b1', '83w0', '198b1']",5.5,0.0,39.0,48.5
tnr1134410,https://s3.chess-results.com/tnr1134410.aspx?SNode=S0&lan=1&art=4,4,4,122,CM,RIBERA VEGANZONES Josep Maria,AND,10,"['-0', '-0', '233b½', '272w1', '169b1', '147w1', '138b½', '76w0', '181b½', '195w1']",5.5,0.0,39.0,48.5
tnr1134410,https://s3.chess-results.com/tnr1134410.aspx?SNode=S0&lan=1&art=4,4,4,123,FM,RIBERA VEGANZONES Serni,AND,10,"['-0', '-0', '260b1', '226w1', '151b½', '141w0', '243b1', '206w1', '102b0', '170w1']",5.5,0.0,38.5,47.5
tnr1134410,https://s3.chess-results.com/tnr1134410.aspx?SNode=S0&lan=1&art=4,4,4,124,FM,DOMINGUEZ RUEDA Juan,CAT,10,"['197b0', '157w½', '113b1', '188w0', '321b1', '125w0', '192b0', '284w1', '206b1', '203w1']",5.5,0.0,38.5,47.0
tnr1134410,https://s3.chess-results.com/tnr1134410.aspx?SNode=S0&lan=1&art=4,4,4,125,CM,PRADA VILLAGRASA Pau Manel,CAT,10,"['231w0', '272b½', '133w0', '266b1', '234w1', '124b1', '31w0', '198b1', '56b0', '216w1']",5.5,0.0,38.0,48.5
tnr1134410,https://s3.chess-results.com/tnr1134410.aspx?SNode=S0&lan=1&art=4,4,4,126,,ABOS ROSICO Antonio,ESP,10,"['40w0', '312b½', '270w1', '93b0', '226w1', '135b0', '264w1', '79b½', '183w½', '187b1']",5.5,0.0,37.5,47.5
tnr1134410,https://s3.chess-results.com/tnr1134410.aspx?SNode=S0&lan=1&art=4,4,4,127,,PEREZ PASTORA Evarist,CAT,10,"['285b1', '20w0', '316b1', '61w0', '117b0', '193w0', '284b1', '109w½', '262b1', '219w1']",5.5,0.0,35.5,45.5
tnr1134410,https://s3.chess-results.com/tnr1134410.aspx?SNode=S0&lan=1&art=4,4,4,128,,TAFALL VILLANUEVA Ander,ESP,10,"['26b0', '331w½', '314b½', '117w0', '292b1', '315w1', '186b0', '260w½', '267b1', '197w1']",5.5,0.0,32.5,41.5
tnr1134410,https://s3.chess-results.com/tnr1134410.aspx?SNode=S0&lan=1&art=4,4,4,129,MC,HERMAN GAMAZO Isaac,CAT,10,"['170b1', '95w½', '13b0', '169w1', '25b0', '200w1', '56b1', '150w½', '34b0', '81w0']",5.0,0.0,47.5,59.5
tnr1134410,https://s3.chess-results.com/tnr1134410.aspx?SNode=S0&lan=1&art=4,4,4,130,FM,GOMEZ JURADO Luis Alberto,CAT,10,"['269b½', '158w1', '32b1', '41w½', '13b0', '150w0', '109b1', '119w1', '61b0', '-0']",5.0,0.0,47.0,58.0
tnr1134410,https://s3.chess-results.com/tnr1134410.aspx?SNode=S0&lan=1&art=4,4,4,131,IM,ROJAS SALAS Steven,PER,10,"['297b1', '175w1', '100b1', '94w0', '39b½', '81w1', '25b½', '29w0', '-0', '-0']",5.0,0.0,47.0,57.0
tnr1134410,https://s3.chess-results.com/tnr1134410.aspx?SNode=S0&lan=1&art=4,4,4,132,FM,YANG Ching Wei Austin,TPE,10,"['324w1', '40b0', '161w1', '26w0', '147b½', '235b1', '253w+', '13w0', '52b0', '134b½']",5.0,0.0,45.0,54.5
tnr1134410,https://s3.chess-results.com/tnr1134410.aspx?SNode=S0&lan=1&art=4,4,4,133,,NALLABOTHULA Varin,USA,10,"['77b0', '162w½', '125b1', '121w½', '102b½', '160w½', '171b1', '71w½', '155b½', '91w0']",5.0,0.0,44.5,55.5
tnr1134410,https://s3.chess-results.com/tnr1134410.aspx?SNode=S0&lan=1&art=4,4,4,134,,HUMBERT Arthur,GER,10,"['14b0', '245w1', '84b1', '81w½', '299b1', '25w0', '105b0', '148w0', '264b1', '132w½']",5.0,0.0,44.5,55.0
tnr1134410,https://s3.chess-results.com/tnr1134410.aspx?SNode=S0&lan=1&art=4,4,4,135,FM,DEGARDIN Sylvain,FRA,10,"['109b½', '234w1', '223b1', '21w0', '96b0', '126w1', '250b1', '53w½', '-0', '-0']",5.0,0.0,44.0,55.0
tnr1134410,https://s3.chess-results.com/tnr1134410.aspx?SNode=S0&lan=1&art=4,4,4,136,WFM,JANIASHVILI Mariami,GEO,10,"['338w1', '70b0', '231w1', '112b1', '27w½', '35b0', '144w0', '146b½', '117w½', '161b½']",5.0,0.0,44.0,55.0
tnr1134410,https://s3.chess-results.com/tnr1134410.aspx?SNode=S0&lan=1&art=4,4,4,137,CM,ELIER Ali,LBA,10,"['240b1', '24w0', '207b1', '253w+', '98w0', '224w1', '32b0', '161b1', '50w0', '73b-']",5.0,0.0,44.0,54.5
tnr1134410,https://s3.chess-results.com/tnr1134410.aspx?SNode=S0&lan=1&art=4,4,4,138,,GUERRA REIG Juan,AND,10,"['-0', '273w1', '186b0', '286b1', '155w1', '180b½', '122w½', '82b1', '86w0', '89b0']",5.0,0.0,43.5,53.0
tnr1134410,https://s3.chess-results.com/tnr1134410.aspx?SNode=S0&lan=1&art=4,4,4,139,,GAY Lukas,SVK,10,"['301b1', '41w0', '239b½', '201w1', '150b½', '144w½', '44b0', '147w½', '216b½', '152w½']",5.0,0.0,43.5,51.5
tnr1134410,https://s3.chess-results.com/tnr1134410.aspx?SNode=S0&lan=1&art=4,4,4,140,FM,FERNANDEZ DIAZ Cristian,CAT,10,"['315b1', '224w0', '281b1', '141w1', '48b0', '109w1', '24b0', '165w1', '21b0', '-0']",5.0,0.0,43.0,54.0
tnr1134410,https://s3.chess-results.com/tnr1134410.aspx?SNode=S0&lan=1&art=4,4,4,141,MC,FERNANDEZ CLIMENT Albert,CAT,10,"['22w0', '255b1', '284w1', '140b0', '112w½', '123b1', '103w0', '180b1', '163w½', '79b0']",5.0,0.0,43.0,53.0
tnr1134410,https://s3.chess-results.com/tnr1134410.aspx?SNode=S0&lan=1&art=4,4,4,142,,PALOMO MONSERRAT Lorenzo,ESP,10,"['67b0', '310w1', '197b1', '104w0', '105b½', '91w1', '53b0', '179w½', '87b0', '223w1']",5.0,0.0,43.0,52.0
tnr1134410,https://s3.chess-results.com/tnr1134410.aspx?SNode=S0&lan=1&art=4,4,4,143,,SILVA CERDA Mark Valentin,CAT,10,"['256w1', '68b0', '237w1', '43b0', '264w1', '27b0', '201w1', '222b1', '31w0', '70b0']",5.0,0.0,42.5,53.0
tnr1134410,https://s3.chess-results.com/tnr1134410.aspx?SNode=S0&lan=1&art=4,4,4,144,MC,SANGLAS CLARIANA Josep,CAT,10,"['274b1', '199w1', '-0', '189w1', '-0', '139b½', '136b1', '-0', '106w0', '156b½']",5.0,0.0,42.5,53.0
tnr1134410,https://s3.chess-results.com/tnr1134410.aspx?SNode=S0&lan=1&art=4,4,4,145,FM,RATKOVIC Petar,SRB,10,"['275b1', '184w0', '221b½', '166w1', '65b½', '254w1', '11b½', '151w½', '76b0', '-0']",5.0,0.0,42.0,53.0
tnr1134410,https://s3.chess-results.com/tnr1134410.aspx?SNode=S0&lan=1&art=4,4,4,146,,ELHAYEK Yazid Saqallah,PLE,10,"['171b1', '299w½', '36b0', '120w½', '153b½', '165w½', '106b½', '136w½', '238b+', '87b0']",5.0,0.0,42.0,53.0
tnr1134410,https://s3.chess-results.com/tnr1134410.aspx?SNode=S0&lan=1&art=4,4,4,147,,ORTIZ MONSALVE Sebastian,COL,10,"['37w½', '50b0', '312w1', '89b½', '132w½', '122b0', '199w1', '139b½', '154w0', '227b1']",5.0,0.0,42.0,52.0
tnr1134410,https://s3.chess-results.com/tnr1134410.aspx?SNode=S0&lan=1&art=4,4,4,148,CM,DAHALE Atul,IND,10,"['302w1', '23b0', '209w½', '220b1', '50w0', '69b½', '225w½', '134b1', '78w½', '67b0']",5.0,0.0,42.0,51.5
tnr1134410,https://s3.chess-results.com/tnr1134410.aspx?SNode=S0&lan=1&art=4,4,4,149,,GOTSIRIDZE Davit,GEO,10,"['28w½', '19b0', '331w1', '163b1', '93w0', '86b0', '302w1', '162b½', '82w0', '220b1']",5.0,0.0,42.0,51.0
tnr1134410,https://s3.chess-results.com/tnr1134410.aspx?SNode=S0&lan=1&art=4,4,4,150,FM,AVILA BAUTISTA Roberto Al,MEX,10,"['259w1', '223b½', '190w1', '7b0', '139w½', '130b1', '73w½', '129b½', '75w-', '-0']",5.0,0.0,41.5,53.0
tnr1264363,https://s1.chess-results.com/tnr1264363.aspx?lan=1&SNode=S0&art=4,4,4,1,GM,Kovalenko Igor,UKR,10,"['100w1', '455b1', '45w1', '4b½', '54w1', '149b½', '14w1', '8b½', '5w1', 75]",0.0,51.5,9.0,45.0
tnr1264363,https://s1.chess-results.com/tnr1264363.aspx?lan=1&SNode=S0&art=4,4,4,2,GM,Mishra Abhimanyu,USA,10,"['217b1', '153w1', '78b1', '28w1', '11b½', '13w½', '34b1', '4w½', '22b1', 75]",0.0,51.0,9.0,45.0
tnr1264363,https://s1.chess-results.com/tnr1264363.aspx?lan=1&SNode=S0&art=4,4,4,3,GM,Ivanchuk Vasyl,UKR,10,"['434w1', '267b1', '145w1', '53b½', '40w½', '9b½', '45w1', '76b1', '35w1', 75]",0.0,46.0,9.0,39.0
tnr1264363,https://s1.chess-results.com/tnr1264363.aspx?lan=1&SNode=S0&art=4,4,4,4,FM,Bogdanov Artyom,KAZ,10,"['337b1', '114w1', '132b1', '1w½', '95w1', '6b½', '26w1', '2b½', '8w½', 7]",0.0,52.0,9.0,41.0
tnr1264363,https://s1.chess-results.com/tnr1264363.aspx?lan=1&SNode=S0&art=4,4,4,5,IM,Putnam Liam,USA,10,"['488b+', '165w1', '196b½', '110w1', '25b1', '32w1', '8w½', '44b1', '1b0', 7]",0.0,51.0,9.0,422.5
tnr1264363,https://s1.chess-results.com/tnr1264363.aspx?lan=1&SNode=S0&art=4,4,4,6,GM,Kozak Adam,HUN,10,"['287w1', '218b1', '97w1', '404b+', '42b½', '4w½', '13b½', '50b1', '9w½', 7]",0.0,50.0,9.0,40.5
tnr1264363,https://s1.chess-results.com/tnr1264363.aspx?lan=1&SNode=S0&art=4,4,4,7,GM,Fedorchuk Sergey A.,UKR,10,"['213b1', '148w1', '31b1', '23w½', '44b½', '28w½', '154b1', '33w1', '11b½', 7]",0.0,49.0,9.0,40.5
tnr1264363,https://s1.chess-results.com/tnr1264363.aspx?lan=1&SNode=S0&art=4,4,4,8,IM,Gloeckler Christian,GER,10,"['204w1', '460b1', '87w½', '79b1', '53w1', '42w1', '5b½', '1w½', '4b½', 7]",0.0,49.0,9.0,40.0
tnr1264363,https://s1.chess-results.com/tnr1264363.aspx?lan=1&SNode=S0&art=4,4,4,9,FM,Baasansuren Erdene,MGL,10,"['171b1', '99w½', '220b1', '108w1', '29b½', '3w½', '120b1', '41w1', '6b½', 7]",0.0,48.5,9.0,397.5
tnr1264363,https://s1.chess-results.com/tnr1264363.aspx?lan=1&SNode=S0&art=4,4,4,10,GM,Piorun Kacper,POL,10,"['352b1', '291w1', '52b½', '159w1', '61b½', '23w1', '11b½', '36w1', '13b½', 7]",0.0,48.5,9.0,39.5
tnr1264363,https://s1.chess-results.com/tnr1264363.aspx?lan=1&SNode=S0&art=4,4,4,11,IM,Petrovskiy Vadym,GER,10,"['310b1', '141w1', '211b1', '261w1', '2w½', '21b½', '10w½', '47b1', '7w½', 7]",0.0,48.5,9.0,38.5
tnr1264363,https://s1.chess-results.com/tnr1264363.aspx?lan=1&SNode=S0&art=4,4,4,12,FM,Apaar Saxena,IND,10,"['384b1', '69w1', '25b½', '88w1', '43b0', '160w1', '32b1', '24w½', '57b1', 7]",0.0,48.0,9.0,38.5
tnr1264363,https://s1.chess-results.com/tnr1264363.aspx?lan=1&SNode=S0&art=4,4,4,13,IM,Gan-Erdene Sugar,MGL,10,"['268w1', '305b1', '197w1', '77b1', '21w½', '2b½', '6w½', '93b1', '10w½', 7]",0.0,48.0,9.0,38.0
tnr1264363,https://s1.chess-results.com/tnr1264363.aspx?lan=1&SNode=S0&art=4,4,4,14,IM,Dotzer Lukas,AUT,10,"['206b½', '164w1', '139b1', '81w1', '62b1', '41w½', '1b0', '72w1', '71b1', 7]",0.0,47.5,9.0,392.5
tnr1264363,https://s1.chess-results.com/tnr1264363.aspx?lan=1&SNode=S0&art=4,4,4,15,GM,Peng Li Min,SUI,10,"['176w1', '195b½', '161w1', '47b1', '50w½', '46b½', '65w1', '48b½', '56w1', 7]",0.0,46.5,9.0,39.5
tnr1264363,https://s1.chess-results.com/tnr1264363.aspx?lan=1&SNode=S0&art=4,4,4,16,IM,Fiorito Francisco,ARG,10,"['228b1', '140w½', '155b1', '82w1', '58b½', '52w½', '81b1', '18w½', '62b1', 7]",0.0,46.5,9.0,387.5
tnr1264363,https://s1.chess-results.com/tnr1264363.aspx?lan=1&SNode=S0&art=4,4,4,17,GM,Vetokhin Savva,FID,10,"['175w1', '168b1', '79w½', '46b½', '97w1', '85b½', '78w1', '40b½', '44w1', 7]",0.0,45.0,9.0,38.5
tnr1264363,https://s1.chess-results.com/tnr1264363.aspx?lan=1&SNode=S0&art=4,4,4,18,FM,Trigo Urquijo Sergio,ESP,10,"['238w1', '151b1', '21w0', '292b1', '193w½', '106b1', '86w1', '16b½', '40w1', 7]",0.0,44.5,9.0,367.5
tnr1264363,https://s1.chess-results.com/tnr1264363.aspx?lan=1&SNode=S0&art=4,4,4,19,IM,Fiorito Joaquin,ARG,10,"['224b1', '118w1', '146w1', '42b0', '92w0', '173b1', '80w1', '145b1', '58w1', 7]",0.0,43.5,9.0,36.5
tnr1264363,https://s1.chess-results.com/tnr1264363.aspx?lan=1&SNode=S0&art=4,4,4,20,IM,Amartuvshin Ganzorig,MGL,10,"['200w1', '179b1', '77w0', '147b0', '279w1', '194b1', '67w1', '92b1', '43b1', 7]",0.0,42.5,9.0,36.0
tnr1264363,https://s1.chess-results.com/tnr1264363.aspx?lan=1&SNode=S0&art=4,4,4,21,GM,Iturrizaga Bonelli Eduardo,ESP,10,"['167b1', '104w1', '18b1', '27w1', '13b½', '11w½', '24b½', '62w½', '25b½', 65]",0.0,52.0,9.0,40.5
tnr1264363,https://s1.chess-results.com/tnr1264363.aspx?lan=1&SNode=S0&art=4,4,4,22,IM,Chen Qi B,CHN,10,"['230b1', '55w1', '81b½', '72w1', '23b½', '36w½', '31b1', '82w1', '2w0', 65]",0.0,50.0,9.0,377.5
tnr1264363,https://s1.chess-results.com/tnr1264363.aspx?lan=1&SNode=S0&art=4,4,4,23,IM,Katz Alexander,USA,10,"['66w1', '193b1', '325w1', '7b½', '22w½', '10b0', '112w1', '77b1', '26w½', 65]",0.0,48.5,9.0,35.0
tnr1264363,https://s1.chess-results.com/tnr1264363.aspx?lan=1&SNode=S0&art=4,4,4,24,IM,Itgelt Khuyagtsogt,MGL,10,"['158b½', '335w1', '117b½', '126w1', '119b1', '49w1', '21w½', '12b½', '27b½', 65]",0.0,47.5,9.0,367.5
tnr1264363,https://s1.chess-results.com/tnr1264363.aspx?lan=1&SNode=S0&art=4,4,4,25,IM,Khusenkhojaev Mustafokhuja,TJK,10,"['329w1', '136b1', '12w½', '134b1', '5w0', '89b½', '205w1', '68b1', '21w½', 65]",0.0,47.5,9.0,34.5
tnr1264363,https://s1.chess-results.com/tnr1264363.aspx?lan=1&SNode=S0&art=4,4,4,26,GM,Sivuk Vitaly,SWE,10,"['284b1', '98w1', '110b½', '52w½', '211b1', '27w1', '4b0', '124w1', '23b½', 65]",0.0,47.0,9.0,35.0
tnr1264363,https://s1.chess-results.com/tnr1264363.aspx?lan=1&SNode=S0&art=4,4,4,27,FM,Sivanandan Bodhana,ENG,10,"['192w1', '156b1', '201w1', '21b0', '170w1', '26b0', '75w1', '100b1', '24w½', 65]",0.0,46.0,9.0,342.5
tnr1264363,https://s1.chess-results.com/tnr1264363.aspx?lan=1&SNode=S0&art=4,4,4,28,IM,Srihari L,IND,10,"['293w1', '178b1', '198w1', '2b0', '197w1', '7b½', '91w½', '37w½', '105b1', 65]",0.0,46.0,9.0,33.0
tnr1264363,https://s1.chess-results.com/tnr1264363.aspx?lan=1&SNode=S0&art=4,4,4,29,IM,Raczek Krzysztof,POL,10,"['304w1', '67b1', '80w½', '122b1', '9w½', '45b0', '197w1', '85b½', '95b1', 65]",0.0,45.5,9.0,34.5
tnr1264363,https://s1.chess-results.com/tnr1264363.aspx?lan=1&SNode=S0&art=4,4,4,30,GM,Mamedov Edgar,KAZ,10,"['84w½', '336b1', '137w1', '150b½', '111w1', '102b1', '48w½', '35b0', '85w1', 65]",0.0,45.5,9.0,34.0
tnr1264363,https://s1.chess-results.com/tnr1264363.aspx?lan=1&SNode=S0&art=4,4,4,31,FM,Sanchez Negreiros Jose Alberto,PER,10,"['321w1', '131b1', '7w0', '151b½', '96w1', '55b1', '22w0', '193b1', '76w1', 65]",0.0,45.5,9.0,33.0
tnr1264363,https://s1.chess-results.com/tnr1264363.aspx?lan=1&SNode=S0&art=4,4,4,32,IM,Gaal Zsoka,HUN,10,"['187b½', '456w1', '221b1', '84w1', '51w1', '5b0', '12w0', '195b1', '91w1', 65]",0.0,45.0,9.0,32.5
tnr1264363,https://s1.chess-results.com/tnr1264363.aspx?lan=1&SNode=S0&art=4,4,4,33,IM,Vitier Vazquez Cristian,CUB,10,"['216b½', '187w1', '172b1', '99w1', '149w0', '113b1', '146w1', '7b0', '89w1', 65]",0.0,44.5,9.0,337.5
tnr1264363,https://s1.chess-results.com/tnr1264363.aspx?lan=1&SNode=S0&art=4,4,4,34,IM,Xie Kaifan,CHN,10,"['279w1', '117b½', '195w½', '198b1', '150w1', '92b1', '2w0', '46b½', '78w1', 65]",0.0,44.0,9.0,32.5
tnr1264363,https://s1.chess-results.com/tnr1264363.aspx?lan=1&SNode=S0&art=4,4,4,35,IM,Ajay Krishna S,IND,10,"['275b1', '295w1', '159b0', '209w1', '261b1', '43w½', '42b1', '30w1', '3b0', 65]",0.0,44.0,9.0,32.5
tnr1264363,https://s1.chess-results.com/tnr1264363.aspx?lan=1&SNode=S0&art=4,4,4,36,FM,Nemsadze Daviti,GEO,10,"['253w1', '260b0', '204w1', '237b1', '135w1', '22b½', '193w1', '10b0', '83w1', 65]",0.0,42.5,9.0,322.5
tnr1264363,https://s1.chess-results.com/tnr1264363.aspx?lan=1&SNode=S0&art=4,4,4,37,FM,Moral Garcia Serafin,ESP,10,"['428b1', '351w1', '76w½', '40b0', '321w1', '63b½', '59w1', '28b½', '123w1', 65]",0.0,42.5,9.0,30.0
tnr1264363,https://s1.chess-results.com/tnr1264363.aspx?lan=1&SNode=S0&art=4,4,4,38,FM,Radzimski Antoni,POL,10,"['222b1', '127w1', '96b½', '262w1', '41b0', '163w0', '210b1', '130w1', '82b1', 65]",0.0,42.0,9.0,322.5
tnr1264363,https://s1.chess-results.com/tnr1264363.aspx?lan=1&SNode=S0&art=4,4,4,39,FM,Jacobsen Mikkel Manosri,DEN,10,"['243w1', '262b½', '194w½', '156b1', '146w½', '87b1', '77w½', '91b½', '93w1', 65]",0.0,41.0,9.0,327.5
tnr1264363,https://s1.chess-results.com/tnr1264363.aspx?lan=1&SNode=S0&art=4,4,4,40,IM,Krstulovic Alex,HUN,10,"['335b½', '348w1', '140b1', '37w1', '3b½', '105w1', '41b½', '17w½', '18b0', 6]",0.0,49.5,9.0,33.5
tnr1264363,https://s1.chess-results.com/tnr1264363.aspx?lan=1&SNode=S0&art=4,4,4,41,IM,Diaz Camallonga Carles,ESP,10,"['328w1', '106b1', '111w1', '95b½', '38w1', '14b½', '40w½', '9b0', '66w½', 6]",0.0,49.0,9.0,337.5
tnr1264363,https://s1.chess-results.com/tnr1264363.aspx?lan=1&SNode=S0&art=4,4,4,42,FM,Przybylski Bartosz,POL,10,"['311b1', '436w1', '60b1', '19w1', '6w½', '8b0', '35w0', '63b½', '169w1', 6]",0.0,48.5,9.0,30.5
tnr1264363,https://s1.chess-results.com/tnr1264363.aspx?lan=1&SNode=S0&art=4,4,4,43,GM,Narayanan S L,IND,10,"['285w1', '170b1', '47w½', '85b½', '12w1', '35b½', '46w½', '166b1', '20w0', 6]",0.0,48.0,9.0,33.0
tnr1264363,https://s1.chess-results.com/tnr1264363.aspx?lan=1&SNode=S0&art=4,4,4,44,IM,Audi Ameya,IND,10,"['348b½', '233w1', '152b1', '113w1', '7w½', '68b1', '149w1', '5w0', '17b0', 6]",0.0,48.0,9.0,322.5
tnr1264363,https://s1.chess-results.com/tnr1264363.aspx?lan=1&SNode=S0&art=4,4,4,45,FM,Golis Wiktor,POL,10,"['341b1', '183w1', '1b0', '295w1', '90b1', '29w1', '3b0', '64w½', '61b½', 6]",0.0,48.0,9.0,30.5
tnr1264363,https://s1.chess-results.com/tnr1264363.aspx?lan=1&SNode=S0&art=4,4,4,46,IM,Wu Yixing,CHN,10,"['231b1', '90w1', '199b½', '17w½', '159b1', '15w½', '43b½', '34w½', '64b½', 6]",0.0,47.5,9.0,33.5
tnr1264363,https://s1.chess-results.com/tnr1264363.aspx?lan=1&SNode=S0&art=4,4,4,47,FM,Uber Gracia Hugo,ESP,10,"['160b1', '359w1', '43b½', '15w0', '262b1', '183w1', '61b1', '11w0', '69b½', 6]",0.0,47.0,9.0,31.0
tnr1264363,https://s1.chess-results.com/tnr1264363.aspx?lan=1&SNode=S0&art=4,4,4,48,IM,Lumachi Gabriele,ITA,10,"['142b1', '74w1', '113b½', '119w½', '153b1', '70w1', '30b½', '15w½', '-0', 6]",0.0,47.0,8.0,347.5
tnr1264363,https://s1.chess-results.com/tnr1264363.aspx?lan=1&SNode=S0&art=4,4,4,49,IM,Nugumanov Bakhtiyar,KAZ,10,"['502w+', '185b1', '51w½', '86b½', '121w1', '24b0', '83w½', '108w1', '53b½', 6]",0.0,46.5,9.0,33.5
tnr1264363,https://s1.chess-results.com/tnr1264363.aspx?lan=1&SNode=S0&art=4,4,4,50,IM,Griffith Kyron,USA,10,"['385b1', '103w½', '215b1', '96w1', '15b½', '94w½', '163b1', '6w0', '73b½', 6]",0.0,46.0,9.0,30.5
tnr1264363,https://s1.chess-results.com/tnr1264363.aspx?lan=1&SNode=S0&art=4,4,4,51,,Zhang Di,CHN,10,"['94b1', '70w1', '49b½', '89w1', '32b0', '81w0', '126b½', '167w1', '157b1', 6]",0.0,45.5,9.0,327.5
tnr1264363,https://s1.chess-results.com/tnr1264363.aspx?lan=1&SNode=S0&art=4,4,4,52,IM,Fiorito Fabian,ARG,10,"['437w1', '292b1', '10w½', '26b½', '263w1', '16b½', '76w0', '156b1', '54w½', 6]",0.0,45.5,9.0,297.5
tnr1264363,https://s1.chess-results.com/tnr1264363.aspx?lan=1&SNode=S0&art=4,4,4,53,IM,Moksh Amit Doshi,IND,10,"['255w1', '147b1', '260w1', '3w½', '8b0', '101w0', '220b1', '146b1', '49w½', 6]",0.0,45.0,9.0,297.5
tnr1264363,https://s1.chess-results.com/tnr1264363.aspx?lan=1&SNode=S0&art=4,4,4,54,IM,Domingo Nunez Ruben,ESP,10,"['423b1', '210w1', '119b½', '101w1', '1b0', '82w0', '114b1', '163w1', '52b½', 6]",0.0,45.0,9.0,287.5
tnr1264363,https://s1.chess-results.com/tnr1264363.aspx?lan=1&SNode=S0&art=4,4,4,55,,Baitleu Syrym,KAZ,10,"['413w1', '22b0', '116w½', '456b+', '202b1', '31w0', '228b1', '138w½', '154b1', 6]",0.0,44.0,9.0,28.0
tnr1264363,https://s1.chess-results.com/tnr1264363.aspx?lan=1&SNode=S0&art=4,4,4,56,FM,Daurimbetov Azamat,UZB,10,"['182b0', '223w1', '230b1', '103w½', '143b1', '157w½', '104b1', '101w1', '15b0', 6]",0.0,43.5,9.0,307.5
tnr1264363,https://s1.chess-results.com/tnr1264363.aspx?lan=1&SNode=S0&art=4,4,4,57,IM,Flores Quillas Diego Saul Rodri,PER,10,"['226w1', '205b1', '105w½', '91b½', '68w0', '147b1', '218w1', '79b1', '12w0', 6]",0.0,43.5,9.0,29.5
tnr1264363,https://s1.chess-results.com/tnr1264363.aspx?lan=1&SNode=S0&art=4,4,4,58,IM,Molenda Marcin,POL,10,"['312b1', '209w1', '108b½', '199w1', '16w½', '-½', '101b½', '94w1', '19b0', 6]",0.0,43.5,8.0,30.5
tnr1264363,https://s1.chess-results.com/tnr1264363.aspx?lan=1&SNode=S0&art=4,4,4,59,GM,Gormally Daniel W,ENG,10,"['494w+', '194b½', '212w½', '125w½', '118b½', '127w1', '37b0', '261w1', '155b1', 6]",0.0,43.0,9.0,31.0
tnr1264363,https://s1.chess-results.com/tnr1264363.aspx?lan=1&SNode=S0&art=4,4,4,60,FM,Kuandykuly Danis,KAZ,10,"['322w1', '112b1', '42w0', '194b1', '80w1', '77b½', '93w0', '133b½', '161w1', 6]",0.0,43.0,9.0,29.5
tnr1264363,https://s1.chess-results.com/tnr1264363.aspx?lan=1&SNode=S0&art=4,4,4,61,IM,Smirnov Mark,KAZ,10,"['269w1', '440b½', '438w1', '87b1', '10w½', '91b½', '47w0', '129b1', '45w½', 6]",0.0,43.0,9.0,29.5
tnr1264363,https://s1.chess-results.com/tnr1264363.aspx?lan=1&SNode=S0&art=4,4,4,62,FM,Gubin Dmitrii,MDA,10,"['382w½', '327b1', '181w1', '207b1', '14w0', '148b1', '195w1', '21b½', '16w0', 6]",0.0,43.0,9.0,27.5
tnr1264363,https://s1.chess-results.com/tnr1264363.aspx?lan=1&SNode=S0&art=4,4,4,63,FM,Horcajuelo Rocamora Martin,ESP,10,"['371b1', '261w0', '283b1', '127w1', '98b½', '37w½', '157b½', '42w½', '165b1', 6]",0.0,42.0,9.0,30.0
tnr1264363,https://s1.chess-results.com/tnr1264363.aspx?lan=1&SNode=S0&art=4,4,4,64,IM,Diaz Perez Michel Alejandro,CUB,10,"['236w1', '152b½', '440w1', '80b½', '102w0', '198b1', '161w1', '45b½', '46w½', 6]",0.0,42.0,9.0,287.5
tnr1264363,https://s1.chess-results.com/tnr1264363.aspx?lan=1&SNode=S0&art=4,4,4,65,IM,Luch Michal,POL,10,"['498b+', '181b½', '207w0', '423w1', '215b1', '172w1', '15b0', '165w½', '152b1', 6]",0.0,42.0,9.0,28.0
tnr1264363,https://s1.chess-results.com/tnr1264363.aspx?lan=1&SNode=S0&art=4,4,4,66,FM,Marin Ferragut Pau,ESP,10,"['23b0', '281w½', '417b1', '206w1', '74b½', '261w1', '105b½', '148w1', '41b½', 6]",0.0,42.0,9.0,272.5
tnr1264363,https://s1.chess-results.com/tnr1264363.aspx?lan=1&SNode=S0&art=4,4,4,67,FM,Sargissyan Sargis,ARM,10,"['506b+', '29w0', '275b½', '392w1', '386b½', '282w1', '20b0', '171w1', '145b1', 6]",0.0,42.0,9.0,272.5
tnr1264363,https://s1.chess-results.com/tnr1264363.aspx?lan=1&SNode=S0&art=4,4,4,68,FM,Cu Ivan Travis,PHI,10,"['420b½', '280w1', '214b½', '158w1', '57b1', '44w0', '222b1', '25w0', '151b1', 6]",0.0,41.5,9.0,282.5
tnr1264363,https://s1.chess-results.com/tnr1264363.aspx?lan=1&SNode=S0&art=4,4,4,69,IM,Sanchez Sebastian Felipe,COL,10,"['388w1', '12b0', '328w1', '193b0', '204w1', '203b½', '219w1', '134b1', '47w½', 6]",0.0,40.5,9.0,272.5
tnr1264363,https://s1.chess-results.com/tnr1264363.aspx?lan=1&SNode=S0&art=4,4,4,70,CM,He Tom Junde,ENG,10,"['380w1', '51b0', '320w1', '265b1', '323w1', '48b0', '79w0', '201b1', '166w+', 6]",0.0,40.5,9.0,25.5
tnr1264363,https://s1.chess-results.com/tnr1264363.aspx?lan=1&SNode=S0&art=4,4,4,71,FM,Aslanov Umid,AZE,10,"['308b1', '108w0', '271w1', '260b½', '205w½', '237b1', '151w1', '90b1', '14w0', 6]",0.0,40.0,9.0,272.5
tnr1264363,https://s1.chess-results.com/tnr1264363.aspx?lan=1&SNode=S0&art=4,4,4,72,FM,Mitev Valentin,BUL,10,"['422w1', '264b½', '317w1', '22b0', '274w1', '83b½', '200w1', '14b0', '147w1', 6]",0.0,40.0,9.0,247.5
tnr1264363,https://s1.chess-results.com/tnr1264363.aspx?lan=1&SNode=S0&art=4,4,4,73,FM,Vioque Gonzalez Nicolas,ESP,10,"['219w1', '325b0', '236w1', '239b1', '83w½', '193b0', '234w1', '199b1', '50w½', 6]",0.0,38.5,9.0,282.5
tnr1264363,https://s1.chess-results.com/tnr1264363.aspx?lan=1&SNode=S0&art=4,4,4,74,,Asaka Samuel,AUS,10,"['452w1', '48b0', '412w1', '381b½', '66w½', '107b0', '278w1', '276b1', '150w1', 6]",0.0,38.0,9.0,232.5
tnr1264363,https://s1.chess-results.com/tnr1264363.aspx?lan=1&SNode=S0&art=4,4,4,75,,Matevosyan Sedrak,ARM,10,"['164b0', '296w1', '376b0', '289w1', '273b1', '196w1', '27b0', '291w1', '162b1', 6]",0.0,37.5,9.0,26.0
tnr1264363,https://s1.chess-results.com/tnr1264363.aspx?lan=1&SNode=S0&art=4,4,4,76,IM,Espinosa Aranda Angel,ESP,10,"['491w+', '126w1', '37b½', '120w1', '105b½', '104w½', '52b1', '3w0', '31b0', 55]",0.0,48.5,9.0,312.5
tnr1264363,https://s1.chess-results.com/tnr1264363.aspx?lan=1&SNode=S0&art=4,4,4,77,FM,Safarov Deniel,GEO,10,"['296b1', '457w1', '20b1', '13w0', '115b1', '60w½', '39b½', '23w0', '121b½', 55]",0.0,48.0,9.0,26.5
tnr1264363,https://s1.chess-results.com/tnr1264363.aspx?lan=1&SNode=S0&art=4,4,4,78,FM,Akhilbay Imangali,KAZ,10,"['290w1', '274b1', '2w0', '131b1', '147w1', '86b½', '17b0', '104w1', '34b0', 55]",0.0,46.5,9.0,267.5
tnr1264363,https://s1.chess-results.com/tnr1264363.aspx?lan=1&SNode=S0&art=4,4,4,79,WGM,Toncheva Nadya,BUL,10,"['276b1', '461w1', '17b½', '8w0', '125b½', '303w1', '70b1', '57w0', '118b½', 55]",0.0,46.0,9.0,28.0
tnr1264363,https://s1.chess-results.com/tnr1264363.aspx?lan=1&SNode=S0&art=4,4,4,80,CM,Advik Amit Agrawal,IND,10,"['350b1', '182w1', '29b½', '64w½', '60b0', '180w1', '19b0', '174w1', '90w½', 55]",0.0,46.0,9.0,27.5
tnr1264363,https://s1.chess-results.com/tnr1264363.aspx?lan=1&SNode=S0&art=4,4,4,81,FM,Felix Raphael,RSA,10,"['272w1', '227b1', '22w½', '14b0', '181w1', '51b1', '16w0', '83b0', '194w1', 55]",0.0,46.0,9.0,272.5
tnr1264363,https://s1.chess-results.com/tnr1264363.aspx?lan=1&SNode=S0&art=4,4,4,82,FM,Talgatov Nazar,KAZ,10,"['412w1', '271b1', '86w½', '16b0', '184w1', '54b1', '109w1', '22b0', '38w0', 55]",0.0,46.0,9.0,257.5
tnr1264363,https://s1.chess-results.com/tnr1264363.aspx?lan=1&SNode=S0&art=4,4,4,83,CM,Dauren Darmen,KAZ,10,"['130b0', '252w1', '247b1', '117w1', '73b½', '72w½', '49b½', '81w1', '36b0', 55]",0.0,45.5,9.0,29.0
tnr1264363,https://s1.chess-results.com/tnr1264363.aspx?lan=1&SNode=S0&art=4,4,4,84,,Zhu Yilun,CHN,10,"['30b½', '364w1', '93w1', '32b0', '168w1', '124b½', '92w0', '137b½', '195w+', 55]",0.0,45.5,9.0,282.5
tnr1264363,https://s1.chess-results.com/tnr1264363.aspx?lan=1&SNode=S0&art=4,4,4,85,FM,Zhong Kangmin,CHN,10,"['320b1', '221w½', '174b1', '43w½', '208b1', '17w½', '94b½', '29w½', '30b0', 55]",0.0,45.5,9.0,277.5
tnr1264363,https://s1.chess-results.com/tnr1264363.aspx?lan=1&SNode=S0&art=4,4,4,86,IM,Di Benedetto Edoardo,ITA,10,"['349b1', '190w1', '82b½', '49w½', '132b1', '78w½', '18b0', '162w½', '120b½', 55]",0.0,45.0,9.0,277.5
tnr1264363,https://s1.chess-results.com/tnr1264363.aspx?lan=1&SNode=S0&art=4,4,4,87,FM,Dinesh Rajan M,IND,10,"['223b1', '318w1', '8b½', '61w0', '108b1', '39w0', '174b½', '180w1', '94b½', 55]",0.0,45.0,9.0,272.5
tnr1264363,https://s1.chess-results.com/tnr1264363.aspx?lan=1&SNode=S0&art=4,4,4,88,IM,Avinash Ramesh,IND,10,"['307b1', '220w½', '372b+', '12b0', '152w1', '120w0', '99b1', '113w½', '98b½', 55]",0.0,44.0,9.0,277.5
tnr1264363,https://s1.chess-results.com/tnr1264363.aspx?lan=1&SNode=S0&art=4,4,4,89,,Rosol Philip,POL,10,"['408b+', '207b½', '326w1', '51b0', '188w1', '25w½', '167b½', '172w1', '33b0', 55]",0.0,44.0,9.0,27.0
tnr1264363,https://s1.chess-results.com/tnr1264363.aspx?lan=1&SNode=S0&art=4,4,4,90,FM,Dumanuly Sultanbeibarys,KAZ,10,"['370w1', '46b0', '259w1', '145b1', '45w0', '111b1', '102w1', '71w0', '80b½', 55]",0.0,44.0,9.0,267.5
tnr1264363,https://s1.chess-results.com/tnr1264363.aspx?lan=1&SNode=S0&art=4,4,4,91,,Azatzhan Adil,KAZ,10,"['462b1', '214w½', '379b1', '57w½', '169b1', '61w½', '28b½', '39w½', '32b0', 55]",0.0,44.0,9.0,257.5
tnr1264363,https://s1.chess-results.com/tnr1264363.aspx?lan=1&SNode=S0&art=4,4,4,92,FM,Ruiz Buendia Miguel,ESP,10,"['-½', '420w1', '202b½', '177w1', '19b1', '34w0', '84b1', '20w0', '131b½', 55]",0.0,44.0,8.0,282.5
tnr1264363,https://s1.chess-results.com/tnr1264363.aspx?lan=1&SNode=S0&art=4,4,4,93,FM,Galiana Fernandez Adrian,ESP,10,"['-½', '235w1', '84b0', '233w1', '220b1', '128w1', '60b1', '13w0', '39b0', 55]",0.0,44.0,8.0,277.5
tnr1264363,https://s1.chess-results.com/tnr1264363.aspx?lan=1&SNode=S0&art=4,4,4,94,,Bezhenar Georgy,FID,10,"['51w0', '245b1', '244w1', '129b1', '381w1', '50b½', '85w½', '58b0', '87w½', 55]",0.0,43.5,9.0,27.5
tnr1264363,https://s1.chess-results.com/tnr1264363.aspx?lan=1&SNode=S0&art=4,4,4,95,FM,Sydoryka Vladyslav,UKR,10,"['116w1', '234b1', '265w1', '41w½', '4b0', '195b0', '260w1', '117b1', '29w0', 55]",0.0,43.5,9.0,26.5
tnr1264363,https://s1.chess-results.com/tnr1264363.aspx?lan=1&SNode=S0&art=4,4,4,96,CM,Abdsattar Alisher,KAZ,10,"['424w1', '107b1', '38w½', '50b0', '31b0', '382w1', '186b1', '154w½', '124b½', 55]",0.0,43.5,9.0,25.0
tnr1264363,https://s1.chess-results.com/tnr1264363.aspx?lan=1&SNode=S0&art=4,4,4,97,,Singh Siddharth,USA,10,"['459b1', '399w1', '6b0', '180w1', '17b0', '131w1', '118b½', '155w½', '126b½', 55]",0.0,43.5,9.0,24.0
tnr1264363,https://s1.chess-results.com/tnr1264363.aspx?lan=1&SNode=S0&art=4,4,4,98,FM,Nemeth Zalan,IRL,10,"['245w1', '26b0', '257w1', '175b1', '63w½', '166b½', '145w0', '184b1', '88w½', 55]",0.0,43.0,9.0,277.5
tnr1264363,https://s1.chess-results.com/tnr1264363.aspx?lan=1&SNode=S0&art=4,4,4,99,CM,Mani Sarbartho,IND,10,"['377w1', '9b½', '229w1', '33b0', '122w½', '123b½', '88w0', '336b1', '249w1', 55]",0.0,43.0,9.0,25.0
tnr1264363,https://s1.chess-results.com/tnr1264363.aspx?lan=1&SNode=S0&art=4,4,4,100,,Pardo Ruiz Carlos,ESP,10,"['1b0', '311w1', '457b1', '104w0', '277b1', '291w1', '110b1', '27w0', '133w½', 55]",0.0,43.0,9.0,217.5
tnr1264363,https://s1.chess-results.com/tnr1264363.aspx?lan=1&SNode=S0&art=4,4,4,101,CM,Yohan Yadav Tarala,IND,10,"['299w1', '319b½', '343w1', '54b0', '116w1', '53b1', '58w½', '56b0', '109w½', 55]",0.0,42.5,9.0,26.5
tnr1264363,https://s1.chess-results.com/tnr1264363.aspx?lan=1&SNode=S0&art=4,4,4,102,FM,Navarro Martinez Victor,ESP,10,"['235b½', '417w1', '158b½', '213w1', '64b1', '30w0', '90b0', '191w1', '112b½', 55]",0.0,42.5,9.0,25.5
tnr1264363,https://s1.chess-results.com/tnr1264363.aspx?lan=1&SNode=S0&art=4,4,4,103,FM,Roos Adrian,BEL,10,"['441w1', '50b½', '109w½', '56b½', '154b0', '216w1', '115b½', '128w½', '238b1', 55]",0.0,42.5,9.0,252.5
tnr1264363,https://s1.chess-results.com/tnr1264363.aspx?lan=1&SNode=S0&art=4,4,4,104,WIM,Mahalakshmi M,IND,10,"['390w1', '21b0', '322w1', '100b1', '107w1', '76b½', '56w0', '78b0', '227w1', 55]",0.0,42.5,9.0,247.5
tnr1264363,https://s1.chess-results.com/tnr1264363.aspx?lan=1&SNode=S0&art=4,4,4,105,FM,Petcu Gabriel,ITA,10,"['375b1', '416w1', '57b½', '386w1', '76w½', '40b0', '66w½', '229b1', '28w0', 55]",0.0,42.5,9.0,237.5
tnr1264363,https://s1.chess-results.com/tnr1264363.aspx?lan=1&SNode=S0&art=4,4,4,106,,Arjun C Krishnamachari,IND,10,"['334b1', '41w0', '251b1', '164w1', '166b½', '18w0', '231b½', '222w1', '138b½', 55]",0.0,42.0,9.0,25.0
tnr1264363,https://s1.chess-results.com/tnr1264363.aspx?lan=1&SNode=S0&art=4,4,4,107,FM,Lazaro Pujol Abel,ESP,10,"['446b1', '96w0', '284b1', '210w1', '104b0', '74w1', '133b½', '120w½', '113b½', 55]",0.0,42.0,9.0,247.5
tnr1264363,https://s1.chess-results.com/tnr1264363.aspx?lan=1&SNode=S0&art=4,4,4,108,CM,Ochedzan Filip,POL,10,"['445w1', '71b1', '58w½', '9b0', '87w0', '417b1', '323w1', '49b0', '197w1', 55]",0.0,42.0,9.0,22.5
tnr1264363,https://s1.chess-results.com/tnr1264363.aspx?lan=1&SNode=S0&art=4,4,4,109,IM,Elsness Frode,NOR,10,"['233b½', '282w1', '103b½', '114w1', '148b½', '162w1', '82b0', '157w½', '101b½', 55]",0.0,41.5,9.0,272.5
tnr1264363,https://s1.chess-results.com/tnr1264363.aspx?lan=1&SNode=S0&art=4,4,4,110,FM,Ochedzan Tymon,POL,10,"['294w1', '184b1', '26w½', '5b0', '260w½', '212b1', '100w0', '194b½', '193w1', 55]",0.0,41.5,9.0,25.5
tnr1264363,https://s1.chess-results.com/tnr1264363.aspx?lan=1&SNode=S0&art=4,4,4,111,FM,Castellanos Gomez Alejandro,ESP,10,"['273b1', '177w1', '41b0', '359w1', '30b0', '90w0', '284b1', '302w1', '127b½', 55]",0.0,41.5,9.0,247.5
tnr1264363,https://s1.chess-results.com/tnr1264363.aspx?lan=1&SNode=S0&art=4,4,4,112,IM,Claverie Raul,ARG,10,"['250b1', '60w0', '342b1', '115w0', '330b1', '169w1', '23b0', '211w1', '102w½', 55]",0.0,41.0,9.0,237.5
tnr1264363,https://s1.chess-results.com/tnr1264363.aspx?lan=1&SNode=S0&art=4,4,4,113,FM,Redzisz Michal,POL,10,"['374w1', '409b1', '48w½', '44b0', '318w1', '33w0', '213b1', '88b½', '107w½', 55]",0.0,41.0,9.0,227.5
tnr1264363,https://s1.chess-results.com/tnr1264363.aspx?lan=1&SNode=S0&art=4,4,4,114,CM,Syzdyk Samir,KAZ,10,"['358w1', '4b0', '422w1', '109b0', '243w1', '121b½', '54w0', '236b1', '235w1', 55]",0.0,41.0,9.0,227.5
tnr1264363,https://s1.chess-results.com/tnr1264363.aspx?lan=1&SNode=S0&art=4,4,4,115,FM,Rey Martinez Jaime,ESP,10,"['257w1', '173b½', '237w½', '112b1', '77w0', '260b½', '103w½', '262b1', '135w½', 55]",0.0,40.5,9.0,267.5
tnr1264363,https://s1.chess-results.com/tnr1264363.aspx?lan=1&SNode=S0&art=4,4,4,116,,Ashikmamutov Saidkhon,UZB,10,"['95b0', '373w1', '55b½', '155w1', '101b0', '262w½', '209b½', '295w+', '219w1', 55]",0.0,40.5,9.0,257.5
tnr1264363,https://s1.chess-results.com/tnr1264363.aspx?lan=1&SNode=S0&art=4,4,4,117,CM,Fizer Marek,CZE,10,"['378b1', '34w½', '24w½', '83b0', '297w1', '276b½', '266b1', '95w0', '202b1', 55]",0.0,40.5,9.0,24.0
tnr1264363,https://s1.chess-results.com/tnr1264363.aspx?lan=1&SNode=S0&art=4,4,4,118,,Jin Ruijun,CHN,10,"['356w1', '19b0', '294w½', '326b1', '59w½', '272b1', '97w½', '150b½', '79w½', 55]",0.0,40.5,9.0,24.0
tnr1264363,https://s1.chess-results.com/tnr1264363.aspx?lan=1&SNode=S0&art=4,4,4,119,FM,Stanojevic Ilija,SRB,10,"['313w1', '415b1', '54w½', '48b½', '24w0', '264b½', '227w½', '212b½', '209w1', 55]",0.0,40.5,9.0,237.5
tnr1264363,https://s1.chess-results.com/tnr1264363.aspx?lan=1&SNode=S0&art=4,4,4,120,FM,Maldonado Gonzales Stefano,ITA,10,"['429w1', '263b½', '270w1', '76b0', '317w1', '88b1', '9w0', '107b½', '86w½', 55]",0.0,40.5,9.0,23.5
tnr1264363,https://s1.chess-results.com/tnr1264363.aspx?lan=1&SNode=S0&art=4,4,4,121,GM,Hardaway Brewington,USA,10,"['177b0', '350w1', '176b1', '144w1', '49b0', '114w½', '-½', '198b1', '77w½', 55]",0.0,40.5,8.0,267.5
tnr1264363,https://s1.chess-results.com/tnr1264363.aspx?lan=1&SNode=S0&art=4,4,4,122,GM,Campora Daniel H.,ARG,10,"['266b1', '174w½', '225b1', '29w0', '99b½', '208w½', '302b½', '241w1', '144b½', 55]",0.0,40.0,9.0,252.5
tnr1264363,https://s1.chess-results.com/tnr1264363.aspx?lan=1&SNode=S0&art=4,4,4,123,IM,Ostrovskiy Aleksandr,USA,10,"['301b1', '203w0', '332b1', '208w0', '352b1', '99w½', '125b1', '139w1', '37b0', 55]",0.0,40.0,9.0,252.5
tnr1264363,https://s1.chess-results.com/tnr1264363.aspx?lan=1&SNode=S0&art=4,4,4,124,FM,Jalving August,DEN,10,"['338w1', '201b0', '278w½', '329b1', '234w1', '84w½', '179b1', '26b0', '96w½', 55]",0.0,40.0,9.0,25.0
tnr1264363,https://s1.chess-results.com/tnr1264363.aspx?lan=1&SNode=S0&art=4,4,4,125,,Lokesh N.,IND,10,"['193w0', '299b1', '374w1', '59b½', '79w½', '323b½', '123w0', '214b1', '244w+', 55]",0.0,40.0,9.0,25.0
tnr1264363,https://s1.chess-results.com/tnr1264363.aspx?lan=1&SNode=S0&art=4,4,4,126,CM,Jagreet Misra,IND,10,"['309w1', '76b0', '338w1', '24b0', '293w1', '263b½', '51w½', '200b1', '97w½', 55]",0.0,40.0,9.0,242.5
tnr1264363,https://s1.chess-results.com/tnr1264363.aspx?lan=1&SNode=S0&art=4,4,4,127,,Bustos Bernardo Samuel,ESP,10,"['362w1', '38b0', '333w1', '63b0', '253w1', '59b0', '269w1', '263b1', '111w½', 55]",0.0,40.0,9.0,222.5
tnr1264363,https://s1.chess-results.com/tnr1264363.aspx?lan=1&SNode=S0&art=4,4,4,128,,Abdulazizov Asilbek,UZB,10,"['196w0', '242b1', '178w1', '195b½', '189w1', '93b0', '152w½', '103b½', '205w1', 55]",0.0,39.5,9.0,26.5
tnr1264363,https://s1.chess-results.com/tnr1264363.aspx?lan=1&SNode=S0&art=4,4,4,129,IM,Granero Roca Antonio,ESP,10,"['258b1', '199w0', '228b1', '94w0', '158b½', '337w1', '183b1', '61w0', '203w1', 55]",0.0,39.5,9.0,24.5
tnr1264363,https://s1.chess-results.com/tnr1264363.aspx?lan=1&SNode=S0&art=4,4,4,130,FM,Loftgaard Mikkel Vinh,DEN,10,"['83w1', '270b½', '149w0', '411b½', '226w½', '322b1', '188w1', '38b0', '208w1', 55]",0.0,39.5,9.0,24.0
tnr1264363,https://s1.chess-results.com/tnr1264363.aspx?lan=1&SNode=S0&art=4,4,4,131,,Majeed Haroon,ENG,10,"['256b1', '31w0', '353b1', '78w0', '265w1', '97b0', '320w1', '196b1', '92w½', 55]",0.0,39.5,9.0,227.5
tnr1264363,https://s1.chess-results.com/tnr1264363.aspx?lan=1&SNode=S0&art=4,4,4,132,FM,Sundac Ivano,CRO,10,"['300w1', '331b1', '4w0', '264b1', '86w0', '227b½', '201w½', '208b½', '234w1', 55]",0.0,38.5,9.0,227.5
tnr1264363,https://s1.chess-results.com/tnr1264363.aspx?lan=1&SNode=S0&art=4,4,4,133,FM,Serarols Mabras Bernat,ESP,10,"['240w1', '317b½', '-½', '202w½', '241b½', '239b1', '107w½', '60w½', '100b½', 55]",0.0,38.5,8.0,26.5
tnr1264363,https://s1.chess-results.com/tnr1264363.aspx?lan=1&SNode=S0&art=4,4,4,134,FM,Romero Pallares Daniel,ESP,10,"['357b1', '379w½', '419b1', '25w0', '172b0', '335w1', '225b1', '69w0', '217b1', 55]",0.0,37.5,9.0,21.5
tnr1264363,https://s1.chess-results.com/tnr1264363.aspx?lan=1&SNode=S0&art=4,4,4,135,GM,Perez Mitjans Orelvis,ESP,10,"['379w-', '357w1', '182b1', '376w1', '36b0', '222w0', '158b1', '206w1', '115b½', 55]",0.0,37.5,8.0,237.5
tnr1264363,https://s1.chess-results.com/tnr1264363.aspx?lan=1&SNode=S0&art=4,4,4,136,CM,Castro Quijano Eduardo,ESP,10,"['298b1', '25w0', '273b½', '281w1', '160b0', '231w0', '341b1', '248w1', '232b1', 55]",0.0,37.0,9.0,22.5
tnr1264363,https://s1.chess-results.com/tnr1264363.aspx?lan=1&SNode=S0&art=4,4,4,137,,Morante Rafael Aritz,ESP,10,"['-½', '397w1', '30b0', '307w½', '224b1', '213w½', '206b½', '84w½', '225b1', 55]",0.0,37.0,8.0,24.0
tnr1264363,https://s1.chess-results.com/tnr1264363.aspx?lan=1&SNode=S0&art=4,4,4,138,FM,Yang Zilong,CHN,10,"['327w½', '326b0', '408w1', '278b1', '179w0', '319b1', '203w1', '55b½', '106w½', 55]",0.0,36.0,9.0,23.0
tnr1264363,https://s1.chess-results.com/tnr1264363.aspx?lan=1&SNode=S0&art=4,4,4,139,,Burgalat Eliot,FRA,10,"['340w½', '345b1', '14w0', '317b0', '377w1', '226b1', '264w1', '123b0', '212w1', 55]",0.0,36.0,9.0,212.5
tnr1264363,https://s1.chess-results.com/tnr1264363.aspx?lan=1&SNode=S0&art=4,4,4,140,,Roquero Redondo Miguel,ESP,10,"['405w1', '16b½', '40w0', '318b0', '338w0', '380b1', '327w1', '268b1', '199w1', 55]",0.0,35.5,9.0,21.5
tnr1264363,https://s1.chess-results.com/tnr1264363.aspx?lan=1&SNode=S0&art=4,4,4,141,,Bercaru Vlad Ionut,ESP,10,"['432w1', '11b0', '321w0', '422b1', '269w1', '200b0', '224w½', '204b1', '207w1', 55]",0.0,35.5,9.0,207.5
tnr1264363,https://s1.chess-results.com/tnr1264363.aspx?lan=1&SNode=S0&art=4,4,4,142,,Martinez Villena David,ESP,10,"['48w0', '405b1', '170w0', '309b½', '346w½', '347b½', '374w1', '254b1', '218w1', 55]",0.0,34.5,9.0,20.5
tnr1264363,https://s1.chess-results.com/tnr1264363.aspx?lan=1&SNode=S0&art=4,4,4,143,,Barranco Cara Francisco Javier,ESP,10,"['270w0', '383b1', '238w1', '319b½', '56w0', '411b1', '276w½', '227b½', '224w1', 55]",0.0,34.0,9.0,20.5
tnr1264363,https://s1.chess-results.com/tnr1264363.aspx?lan=1&SNode=S0&art=4,4,4,144,,Bukharkov Stepan,FID,10,"['443w½', '354b½', '437w1', '121b0', '411w½', '317b1', '263w½', '185b1', '122w½', 55]",0.0,33.5,9.0,21.0
tnr1264363,https://s1.chess-results.com/tnr1264363.aspx?lan=1&SNode=S0&art=4,4,4,145,CM,Terkiewicz Bruno,POL,10,"['324b1', '180w1', '3b0', '90w0', '230b1', '241w1', '98b1', '19w0', '67w0', 5]",0.0,45.5,9.0,23.0
tnr1264363,https://s1.chess-results.com/tnr1264363.aspx?lan=1&SNode=S0&art=4,4,4,146,FM,Hernandez Leon Alberto,ESP,10,"['503w+', '433w1', '19b0', '214w1', '39b½', '186w1', '33b0', '53w0', '172b½', 5]",0.0,45.5,9.0,222.5
tnr1264363,https://s1.chess-results.com/tnr1264363.aspx?lan=1&SNode=S0&art=4,4,4,147,,Yessengali Adizhan,KAZ,10,"['425b1', '53w0', '258b1', '20w1', '78b0', '57w0', '308b1', '160w1', '72b0', 5]",0.0,44.0,9.0,23.0
tnr1264363,https://s1.chess-results.com/tnr1264363.aspx?lan=1&SNode=S0&art=4,4,4,148,WIM,Wang Chuqiao,CHN,10,"['365w1', '7b0', '269w1', '185b1', '109w½', '62w0', '176b1', '66b0', '181w½', 5]",0.0,43.5,9.0,227.5
tnr1264363,https://s1.chess-results.com/tnr1264363.aspx?lan=1&SNode=S0&art=4,4,4,149,IM,Yip Carissa,USA,10,"['332b1', '155w½', '130b1', '196w1', '33b1', '1w½', '44b0', '-0', '-0', 5]",0.0,43.5,7.0,262.5
tnr1264363,https://s1.chess-results.com/tnr1264363.aspx?lan=1&SNode=S0&art=4,4,4,150,FM,Casadio Niccolo`,ITA,10,"['247b1', '225w½', '206b1', '30w½', '34b0', '221w1', '156b½', '118w½', '74b0', 5]",0.0,43.0,9.0,242.5
